{
    "train_loss": [
        0.6937480105598838,
        0.6933732133436238,
        0.6932670576769625,
        0.6932364269790322,
        0.6932200124220632,
        0.6932078839333178,
        0.69319964539091,
        0.6931917223673068,
        0.6931867446782736,
        0.6931825927095933,
        0.693178994665831,
        0.6931758776352294,
        0.6931731735240163,
        0.6931708196360584,
        0.6931687606549046,
        0.6931669488245381,
        0.6931653418115127,
        0.6931639077784837,
        0.6931626183161685,
        0.6931614548133082,
        0.6931603978047445,
        0.6931594354293841,
        0.6931585514319812,
        0.6931577095000125,
        0.693156991651414,
        0.6931563561510917,
        0.6931557652218053,
        0.6931552101313463,
        0.6931546859246074,
        0.6931541886188041
    ],
    "val_loss": [
        0.6931496694976208,
        0.693198554684134,
        0.6932345637807659,
        0.6932416073387745,
        0.693234191866482,
        0.693222656436995,
        0.6932070268462686,
        0.6931929656477536,
        0.6931825485135995,
        0.693173796008615,
        0.6931667329376819,
        0.6931612881772659,
        0.6931572784068538,
        0.6931544113720165,
        0.6931523758009368,
        0.6931509811363968,
        0.6931499409208111,
        0.6931492411482568,
        0.6931487321853638,
        0.6931485085954853,
        0.6931481353254879,
        0.6931479821953119,
        0.6931477189064026,
        0.6931476594887528,
        0.6931475559870403,
        0.6931475262828902,
        0.6931474146936454,
        0.6931474135342767,
        0.6931473465059318,
        0.6931472999441858
    ],
    "train_accuracy": [
        0.500735255672906,
        0.5002614242392555,
        0.5010456969570218,
        0.5009574662762731,
        0.5011992836975845,
        0.5004215465857994,
        0.5004607602216877,
        0.5003888685558925,
        0.500415010979818,
        0.500499973857576,
        0.5007156488549618,
        0.5007025776429991,
        0.5006372215831852,
        0.5003235124960786,
        0.5004869026456134,
        0.5003692617379484,
        0.5003888685558925,
        0.5001405155285998,
        0.4998529488654188,
        0.4999444473491582,
        0.500009803408972,
        0.4998464132594374,
        0.5000555526508418,
        0.49973530795775384,
        0.4993627784168148,
        0.4992386019031685,
        0.4993693140227962,
        0.4994608125065356,
        0.4997614503816794,
        0.4998986981072885
    ],
    "val_accuracy": [
        0.5,
        0.5,
        0.5,
        0.5,
        0.5,
        0.5,
        0.5,
        0.5,
        0.5,
        0.5,
        0.5,
        0.5,
        0.5,
        0.5,
        0.5,
        0.5,
        0.5,
        0.5,
        0.5,
        0.5,
        0.5,
        0.5,
        0.5,
        0.5,
        0.5,
        0.5,
        0.5,
        0.5,
        0.5,
        0.5
    ],
    "val_bg_reject": [
        Infinity,
        Infinity,
        Infinity,
        Infinity,
        Infinity,
        Infinity,
        Infinity,
        Infinity,
        Infinity,
        Infinity,
        Infinity,
        Infinity,
        Infinity,
        Infinity,
        Infinity,
        Infinity,
        Infinity,
        Infinity,
        Infinity,
        Infinity,
        Infinity,
        Infinity,
        Infinity,
        Infinity,
        Infinity,
        Infinity,
        Infinity,
        Infinity,
        Infinity,
        Infinity
    ]
}