{
    "accuracy": 0.5077058823529412,
    "loss": 0.6925672360121035
}