{
    "train_loss": [
        0.6936390487441929,
        0.6929987993036418,
        0.6929201907434935,
        0.6928774482483621,
        0.6928350424886212,
        0.6927953599811435,
        0.6927854039174648,
        0.6927876206891851,
        0.6927614732166595,
        0.6927466274965736,
        0.6927236297209617,
        0.6927132894151894,
        0.6927092979234294,
        0.6927045824250254,
        0.6926943498601178,
        0.692691118893209,
        0.6926849042846981,
        0.6926838889738313,
        0.6926797690107822,
        0.692679324260282,
        0.6926741233296341,
        0.6926731294036398,
        0.6926689569102188,
        0.6926672941008136,
        0.692666099676836,
        0.6926653948486393,
        0.6926640272763787,
        0.6926641973020092,
        0.6926626743325924,
        0.6926614684464231
    ],
    "val_loss": [
        0.6927963815670387,
        0.6927494869138681,
        0.6926958909315222,
        0.6926473835776834,
        0.692680392779556,
        0.6926396739249135,
        0.6926460136806264,
        0.6926247000039792,
        0.6926160338439193,
        0.6925981420629165,
        0.6925901314043531,
        0.6925874781608582,
        0.6925851654819414,
        0.6925786108409657,
        0.6925728603063845,
        0.6925788646398806,
        0.6925709830639409,
        0.6925671271903842,
        0.6925694098846585,
        0.6925707093126634,
        0.6925693902875862,
        0.6925674990766189,
        0.6925707001592599,
        0.6925608050589468,
        0.6925626481187109,
        0.6925635411973093,
        0.6925644963582357,
        0.6925664980364781,
        0.692567145207349,
        0.6925672360121035
    ],
    "train_accuracy": [
        0.5038886855589251,
        0.5042416082819199,
        0.5049997385757607,
        0.5049605249398724,
        0.5054180173585695,
        0.5058036181114713,
        0.5060160253058663,
        0.505934330231099,
        0.5055389260692251,
        0.5057546010666109,
        0.5055977465230577,
        0.5053559291017463,
        0.5052938408449231,
        0.5057251908396947,
        0.5058134215204434,
        0.5057546010666109,
        0.506382019240824,
        0.5065388737843773,
        0.5069832949911116,
        0.506904867719335,
        0.5073983059709296,
        0.5072643260483112,
        0.5074505908187807,
        0.5072512548363485,
        0.507287200669246,
        0.5072283802154136,
        0.5072087733974694,
        0.507032312035972,
        0.507084596883823,
        0.5070682578688696
    ],
    "val_accuracy": [
        0.5049607843137255,
        0.5051862745098039,
        0.5053970588235294,
        0.5061274509803921,
        0.5054950980392157,
        0.506671568627451,
        0.5067892156862746,
        0.5070735294117648,
        0.5069411764705882,
        0.5069656862745098,
        0.5069362745098039,
        0.5068823529411765,
        0.5066666666666667,
        0.5068774509803922,
        0.5070343137254902,
        0.5067892156862746,
        0.5070490196078431,
        0.5070588235294118,
        0.506985294117647,
        0.5072401960784314,
        0.5070441176470588,
        0.5070441176470588,
        0.506656862745098,
        0.5073529411764706,
        0.5076519607843137,
        0.507642156862745,
        0.507686274509804,
        0.5073823529411765,
        0.5077058823529412,
        0.5077058823529412
    ],
    "val_bg_reject": [
        143.9987125662834,
        Infinity,
        3.468561907028939,
        Infinity,
        156.470962251293,
        Infinity,
        Infinity,
        Infinity,
        Infinity,
        Infinity,
        Infinity,
        Infinity,
        Infinity,
        Infinity,
        Infinity,
        Infinity,
        Infinity,
        Infinity,
        Infinity,
        Infinity,
        Infinity,
        Infinity,
        Infinity,
        Infinity,
        Infinity,
        Infinity,
        Infinity,
        Infinity,
        Infinity,
        Infinity
    ]
}