{
    "accuracy": 0.5081715686274509,
    "loss": 0.6925911223935146,
    "auc": 0.5079333183871588,
    "test_bg_reject": 65655.42534335383
}