{
    "accuracy": 0.49375,
    "loss": 0.7141522392630577,
    "auc": 0.49484374999999997,
    "test_bg_reject": 3.8095238095238093
}