{
    "train_loss": [
        0.735319048166275,
        0.7015692392985026
    ],
    "val_loss": [
        0.7374182865023613,
        0.7127256244421005
    ],
    "train_accuracy": [
        0.4749999999999999,
        0.525
    ],
    "val_accuracy": [
        0.5,
        0.5
    ],
    "val_bg_reject": [
        2.962962962962963,
        3.0769230769230766
    ]
}