{
    "accuracy": 0.46875,
    "loss": 0.7011725455522537,
    "auc": 0.48078125000000005,
    "test_bg_reject": 3.0769230769230766
}