{
    "train_loss": [
        0.7178931484619776,
        0.7037118921677271
    ],
    "val_loss": [
        0.6983025893568993,
        0.7002741396427155
    ],
    "train_accuracy": [
        0.5208333333333334,
        0.49583333333333335
    ],
    "val_accuracy": [
        0.5,
        0.46875
    ],
    "val_bg_reject": [
        2.6666666666666665,
        2.962962962962963
    ]
}