{
    "accuracy": 0.46875,
    "loss": 0.7002741396427155
}