{"inv_fpr": 4.8, "train_loss": 0.686048360247361, "train_accuracy": 0.5542763157894737, "val_loss": 0.6860964198907217, "val_accuracy": 0.546875, "_runtime": 542, "_timestamp": 1642690943, "_step": 7}