{
    "train_loss": [
        0.7105354635339034,
        0.6991175664098639,
        0.6949022255445781,
        0.6932081046857332,
        0.6914213644830804,
        0.6897481052499068,
        0.6866965764447263,
        0.6845076272362157,
        0.6822740717938072,
        0.6801987196269789,
        0.6775726393649453,
        0.6753632614487096,
        0.6732801167588485,
        0.6712639049479836,
        0.6692160399336564,
        0.6669264906331113,
        0.6647766012894479,
        0.6628246056406122,
        0.6611429484266984,
        0.6595355021326166,
        0.6579769096876446,
        0.6564230134612635,
        0.6549922384713825
    ],
    "val_loss": [
        0.698611115415891,
        0.6985233823458353,
        0.7016154776016871,
        0.7025142659743627,
        0.7046746015548706,
        0.7021493017673492,
        0.7013078977664312,
        0.6997897525628408,
        0.6982912669579188,
        0.6985006779432297,
        0.6989580343166987,
        0.6994480987389883,
        0.7004529734452566,
        0.7021618485450745,
        0.7032668143510818,
        0.7042669306198756,
        0.7047459185123444,
        0.7060545037190119,
        0.7066120058298111,
        0.7071348577737808,
        0.7080092579126358,
        0.7084724555412928,
        0.708926185965538
    ],
    "train_accuracy": [
        0.4868421052631579,
        0.5115131578947368,
        0.5328947368421053,
        0.5279605263157895,
        0.5394736842105263,
        0.5427631578947368,
        0.5394736842105263,
        0.5493421052631579,
        0.5608552631578947,
        0.5756578947368421,
        0.5838815789473685,
        0.587171052631579,
        0.5970394736842105,
        0.5904605263157895,
        0.5888157894736842,
        0.5904605263157895,
        0.5855263157894737,
        0.5855263157894737,
        0.5970394736842105,
        0.6036184210526315,
        0.6052631578947368,
        0.6085526315789473,
        0.6069078947368421
    ],
    "val_accuracy": [
        0.4947916666666667,
        0.4869791666666667,
        0.4765625,
        0.4765625,
        0.484375,
        0.4921875,
        0.4921875,
        0.4973958333333333,
        0.515625,
        0.5286458333333334,
        0.5338541666666666,
        0.5286458333333334,
        0.5260416666666666,
        0.5260416666666666,
        0.546875,
        0.546875,
        0.546875,
        0.5546875,
        0.5546875,
        0.5546875,
        0.5572916666666666,
        0.5572916666666666,
        0.5572916666666666
    ],
    "val_bg_reject": [
        3.145161290322581,
        3.19672131147541,
        3.095238095238095,
        3.4210526315789473,
        3.5454545454545454,
        3.8235294117647056,
        4.148936170212766,
        4.148936170212766,
        4.333333333333333,
        4.333333333333333,
        4.333333333333333,
        4.333333333333333,
        4.333333333333333,
        4.239130434782608,
        4.148936170212766,
        4.148936170212766,
        4.0625,
        3.979591836734694,
        4.0625,
        4.0625,
        4.148936170212766,
        4.431818181818182,
        4.534883720930233
    ]
}