{
    "accuracy": 0.5572916666666666,
    "loss": 0.708926185965538
}