{
    "train_loss": [
        0.6939520121655379,
        0.693644648389588,
        0.6933222955818719,
        0.6932567784841821
    ],
    "val_loss": [
        0.6932339600114261,
        0.6931820900112975,
        0.6931574259365306,
        0.6931481353254879
    ],
    "train_accuracy": [
        0.4990294625117641,
        0.4997255045487818,
        0.49944120568859146,
        0.5003039056781344
    ],
    "val_accuracy": [
        0.5,
        0.5,
        0.5,
        0.5
    ],
    "val_bg_reject": [
        Infinity,
        Infinity,
        Infinity,
        Infinity
    ]
}