{
    "accuracy": 0.5076764705882353,
    "loss": 0.6925824957735398,
    "auc": 0.5080815491157248,
    "test_bg_reject": Infinity
}