{
    "accuracy": 0.5088235294117647,
    "loss": 0.6923921957950966
}