{
    "train_loss": [
        0.6937093935438645,
        0.6931909575293307,
        0.693069797074285,
        0.6929910978699508,
        0.6929167731529023,
        0.6928865408144473,
        0.6928601347912708,
        0.6928162311929222,
        0.692795895668773,
        0.6927631481053078,
        0.6927325511644365,
        0.6927257326561002,
        0.6926491325724067,
        0.6926114953151373,
        0.6925775494944983,
        0.6925582703743273,
        0.6925523371972213,
        0.6925000752550556,
        0.6924779194301109,
        0.6924411083668903,
        0.6924216115336332,
        0.6923793019279082,
        0.692334422709415,
        0.6923142195209155,
        0.6922981112955455,
        0.6922769996706791,
        0.6922614487484261,
        0.6922393922874098,
        0.6922255184228333,
        0.6922113542886854
    ],
    "val_loss": [
        0.6929121061493368,
        0.6928788717587789,
        0.6926909027193107,
        0.6926784689940658,
        0.6925990250437868,
        0.6925878239612954,
        0.6926162337134866,
        0.692580979422027,
        0.6925792101130765,
        0.6925804570796443,
        0.692573289899265,
        0.6925662033043656,
        0.692527056759479,
        0.6925633414025401,
        0.6925689175175685,
        0.6926000352279813,
        0.6925676765348397,
        0.6926084434658873,
        0.6925423317236059,
        0.6925523197510663,
        0.6925475651142644,
        0.6924892601218878,
        0.6924817965825398,
        0.6924620743919822,
        0.6924451831181844,
        0.6924491027009253,
        0.6924050057261598,
        0.6923917366570117,
        0.6924060020259782,
        0.6923921957950966
    ],
    "train_accuracy": [
        0.5015195283906724,
        0.503058663599289,
        0.5044278730523895,
        0.5042481438879013,
        0.5044507476733243,
        0.5040030586635993,
        0.5033593014744328,
        0.5025717609536756,
        0.50311094844714,
        0.5026730628463871,
        0.5039605772247203,
        0.5031730367039632,
        0.5048298128202446,
        0.5052252169821185,
        0.505071630241556,
        0.506712067342884,
        0.5062774495451218,
        0.5062349681062428,
        0.5069212067342884,
        0.5069636881731674,
        0.5071205427167207,
        0.5076205165742967,
        0.5069081355223256,
        0.5067480131757817,
        0.5064702499215727,
        0.5070780612778417,
        0.5067349419638189,
        0.5074113771828924,
        0.5075518927114923,
        0.5077414252849525
    ],
    "val_accuracy": [
        0.5049362745098039,
        0.5048382352941176,
        0.504921568627451,
        0.5071666666666667,
        0.5061176470588236,
        0.5071372549019608,
        0.505235294117647,
        0.5052058823529412,
        0.5051372549019608,
        0.505093137254902,
        0.5071372549019608,
        0.5052794117647059,
        0.5057254901960785,
        0.5050196078431373,
        0.5053970588235294,
        0.5054852941176471,
        0.5054313725490196,
        0.5055098039215686,
        0.5056764705882353,
        0.5056617647058823,
        0.5056176470588235,
        0.507906862745098,
        0.5075882352941177,
        0.508343137254902,
        0.5084411764705883,
        0.5082843137254902,
        0.5086176470588235,
        0.5085735294117647,
        0.5087254901960784,
        0.5088235294117647
    ],
    "val_bg_reject": [
        167.12065147446285,
        Infinity,
        Infinity,
        22501.813237856033,
        Infinity,
        Infinity,
        Infinity,
        Infinity,
        3215.76316532538,
        1858.1864722313308,
        Infinity,
        3.467854350117295,
        3.4725768562965986,
        3.4787353773745777,
        3.4840825249351006,
        3.475771825802494,
        3.4789726798321903,
        3.4743511138360925,
        3.474114441416894,
        3.4857494361287675,
        3.480634703975431,
        3.480634703975431,
        3.476435225008116,
        3.48134748626233,
        3.493270317476626,
        3.4881335066000956,
        3.483844524899242,
        3.4770751661837394,
        3.4752981260647364,
        3.4880142256266455
    ]
}