{
    "accuracy": 0.5071372549019608,
    "loss": 0.692573289899265
}