{
    "accuracy": 0.6960714285714287,
    "loss": 0.5758841463497707
}