{
    "train_loss": [
        1.0382946729660034,
        0.6338536739349365
    ],
    "val_loss": [
        0.6535743474960327,
        0.5758841463497707
    ],
    "train_accuracy": [
        0.54,
        0.64
    ],
    "val_accuracy": [
        0.6153571428571428,
        0.6960714285714287
    ],
    "val_bg_reject": [
        12.434782608695652,
        20.140845070422536
    ]
}