{
    "accuracy": 0.7024999999999999,
    "loss": 0.5668701767921448,
    "auc": 0.8075685617055349,
    "test_bg_reject": 20.86021505376344
}