{
    "accuracy": 0.53125,
    "loss": 0.7106346984704336
}