{
    "accuracy": 0.5130208333333334,
    "loss": 0.7218792736530304,
    "auc": 0.5005156317846288,
    "test_bg_reject": 3.081967213114754
}