{
    "train_loss": [
        0.7011012497701143,
        0.694393421474256,
        0.6912283709174708,
        0.688267773703525,
        0.6865050761323226,
        0.6827237606048584,
        0.6789976891718412,
        0.6767681868452775,
        0.6748015472763463,
        0.6730111994241413,
        0.6703698540988722,
        0.6675115102215817,
        0.6651645804706373,
        0.6632124311045596,
        0.6610022971504613,
        0.6587402067686382,
        0.6574538067767495,
        0.6558398165200886,
        0.6542034588362041,
        0.6527290720688669,
        0.6514996164723447,
        0.6504991399614435,
        0.6494162114042985,
        0.648635563097502,
        0.6477706055892142,
        0.6471375979875263,
        0.6464494309927288,
        0.6459236270502994,
        0.6454545573184365,
        0.6451163511527213
    ],
    "val_loss": [
        0.7041846712430319,
        0.7020630836486816,
        0.6978525420029958,
        0.697463775674502,
        0.6970062206188837,
        0.6964276731014252,
        0.6965035845836004,
        0.6970800658067068,
        0.6977691799402237,
        0.6979734798272451,
        0.698682889342308,
        0.7001096159219742,
        0.7014063894748688,
        0.701901709040006,
        0.703216478228569,
        0.7038199504216512,
        0.7047231296698252,
        0.7054560035467148,
        0.7061972121397654,
        0.7068306505680084,
        0.7074326376120249,
        0.7079507758220037,
        0.7081178973118464,
        0.708937332034111,
        0.7093254377444586,
        0.7095531324545542,
        0.7099837064743042,
        0.7101994007825851,
        0.7103531658649445,
        0.7106346984704336
    ],
    "train_accuracy": [
        0.49506578947368424,
        0.5213815789473685,
        0.53125,
        0.5427631578947368,
        0.5575657894736842,
        0.5723684210526315,
        0.5805921052631579,
        0.5789473684210527,
        0.5756578947368421,
        0.5838815789473685,
        0.5805921052631579,
        0.5904605263157895,
        0.5953947368421053,
        0.5986842105263158,
        0.5970394736842105,
        0.6085526315789473,
        0.6151315789473685,
        0.618421052631579,
        0.6266447368421053,
        0.6217105263157895,
        0.6282894736842105,
        0.6299342105263158,
        0.6299342105263158,
        0.631578947368421,
        0.631578947368421,
        0.6348684210526315,
        0.631578947368421,
        0.631578947368421,
        0.6282894736842105,
        0.6266447368421053
    ],
    "val_accuracy": [
        0.4921875,
        0.4973958333333333,
        0.5026041666666666,
        0.4869791666666667,
        0.4817708333333333,
        0.4973958333333333,
        0.4973958333333333,
        0.5078125,
        0.5052083333333334,
        0.5208333333333334,
        0.5286458333333334,
        0.5286458333333334,
        0.5234375,
        0.515625,
        0.5182291666666666,
        0.5234375,
        0.515625,
        0.5182291666666666,
        0.53125,
        0.5286458333333334,
        0.5338541666666666,
        0.5364583333333334,
        0.5364583333333334,
        0.5338541666666666,
        0.53125,
        0.5338541666666666,
        0.5286458333333334,
        0.5286458333333334,
        0.53125,
        0.53125
    ],
    "val_bg_reject": [
        3.25,
        3.3620689655172415,
        3.8235294117647056,
        3.75,
        3.979591836734694,
        3.9000000000000004,
        3.979591836734694,
        4.0625,
        3.75,
        3.679245283018868,
        4.0625,
        3.979591836734694,
        4.0625,
        4.0625,
        4.0625,
        4.148936170212766,
        4.0625,
        4.333333333333333,
        4.148936170212766,
        4.148936170212766,
        4.0625,
        4.0625,
        4.333333333333333,
        4.148936170212766,
        4.333333333333333,
        4.333333333333333,
        4.333333333333333,
        4.333333333333333,
        4.333333333333333,
        4.333333333333333
    ]
}