{
    "accuracy": 0.5088137254901961,
    "loss": 0.6924885733828825,
    "auc": 0.5088628089196464,
    "test_bg_reject": Infinity
}