{
    "accuracy": 0.507906862745098,
    "loss": 0.6925197193014856
}