{
    "train_loss": [
        0.6936958265718426,
        0.6930737507389415,
        0.6928909732858394,
        0.6928845352923585,
        0.6928487541684792,
        0.6928103724795506,
        0.692801702344167,
        0.692744598034148,
        0.692690646824173,
        0.6926569883499037,
        0.692623123874054,
        0.6926109856371474,
        0.6926022455506055,
        0.6925824439626577,
        0.6925770313211481,
        0.6925594704203261,
        0.6925451982897669,
        0.6925357318031704,
        0.6925273722938123,
        0.6925158265444021,
        0.6925042745247554,
        0.6925004590920146,
        0.6924939647287327,
        0.6924816072579272,
        0.6924753072657471,
        0.6924714754967339,
        0.6924693196198562,
        0.6924649546625823,
        0.6924608923346007,
        0.6924550733119514
    ],
    "val_loss": [
        0.6929361289996727,
        0.6928313519440445,
        0.6929377194385903,
        0.6929907957245321,
        0.6929642903945026,
        0.6929402688811807,
        0.6929093086392272,
        0.6928557694472519,
        0.6927597398851432,
        0.6927237909260918,
        0.6927111756848354,
        0.6926844761044372,
        0.6926374500405554,
        0.6926108196856929,
        0.6925835334553438,
        0.6925514538708855,
        0.69253734553094,
        0.6925262182553609,
        0.6925185027683483,
        0.6925195271361108,
        0.692517691191505,
        0.6925164038807738,
        0.6925134620760002,
        0.6925135953660104,
        0.6925123625549615,
        0.6925076240090763,
        0.6925085158535078,
        0.69251511110044,
        0.6925196778260025,
        0.6925197193014856
    ],
    "train_accuracy": [
        0.5016175624803931,
        0.5039082923768692,
        0.503610922304716,
        0.5043690525985569,
        0.5056238889469832,
        0.5061892188643731,
        0.5063754836348426,
        0.5060552389417546,
        0.5064637143155913,
        0.5071009358987766,
        0.5075061434696225,
        0.507149952943637,
        0.5069865627941023,
        0.5066957283279305,
        0.5064506431036285,
        0.5068035658266234,
        0.5064800533305448,
        0.5060323643208198,
        0.5062839851511032,
        0.5065486771933494,
        0.506659782495033,
        0.5068754574924187,
        0.5070257764299906,
        0.5069930984000837,
        0.5070976680957858,
        0.5068329760535397,
        0.5071728275645718,
        0.5071760953675625,
        0.5072675938513019,
        0.5071564885496184
    ],
    "val_accuracy": [
        0.5039950980392157,
        0.5045049019607843,
        0.5047303921568628,
        0.5049117647058824,
        0.5049901960784313,
        0.5055637254901961,
        0.5052941176470588,
        0.5049950980392157,
        0.5062254901960784,
        0.5063970588235294,
        0.5061617647058824,
        0.5060686274509804,
        0.5072303921568627,
        0.5070686274509804,
        0.5073382352941177,
        0.5073970588235294,
        0.5075686274509804,
        0.5077794117647059,
        0.5077990196078431,
        0.5075441176470589,
        0.5075098039215686,
        0.5075637254901961,
        0.5076960784313725,
        0.5076911764705883,
        0.5076911764705883,
        0.5078284313725491,
        0.5078725490196079,
        0.5078872549019607,
        0.5078284313725491,
        0.507906862745098
    ],
    "val_bg_reject": [
        1786.7959433939336,
        6.663444038630872,
        Infinity,
        3261.7247132851808,
        Infinity,
        Infinity,
        Infinity,
        Infinity,
        Infinity,
        Infinity,
        Infinity,
        Infinity,
        Infinity,
        Infinity,
        Infinity,
        Infinity,
        Infinity,
        Infinity,
        Infinity,
        Infinity,
        Infinity,
        Infinity,
        Infinity,
        Infinity,
        Infinity,
        Infinity,
        Infinity,
        Infinity,
        Infinity,
        Infinity
    ]
}