{
    "train_loss": [
        0.6937651397243748,
        0.6934368093991322,
        0.6933683072200545,
        0.693310963531599,
        0.6932682283725198,
        0.6932454941275976,
        0.6932291745902679,
        0.6932170157787578,
        0.693207090449211,
        0.6931975602131315,
        0.6931904018031221,
        0.6931844983254967,
        0.6931791725884693,
        0.693174317399665,
        0.6931698006789804,
        0.693166337563729,
        0.6931635754247796,
        0.6931611982197688,
        0.6931591706521264,
        0.6931574424664669,
        0.6931560705623828,
        0.6931550786433628,
        0.6931542857763072,
        0.6931536608219496,
        0.693153176193742,
        0.6931528017746035,
        0.6931525113180468,
        0.6931522800049048,
        0.6931520877031057,
        0.6931519176961737
    ],
    "val_loss": [
        0.6931524795176937,
        0.6931474952604256,
        0.6931472420692444,
        0.693147178219814,
        0.6931475721247056,
        0.6931486135838079,
        0.6931501030921936,
        0.6931514964103699,
        0.6931525282579309,
        0.6931530087882397,
        0.6931533217430115,
        0.6931533804594302,
        0.6931535009122363,
        0.6931537689882167,
        0.6931541043636845,
        0.6931547522544861,
        0.6931553892808802,
        0.6931563177763247,
        0.693157300640555,
        0.6931581623133491,
        0.6931589699071996,
        0.6931596557018803,
        0.6931601527718937,
        0.6931605129989923,
        0.6931605337741328,
        0.6931603532024458,
        0.6931599299580443,
        0.6931592363376243,
        0.6931584932944354,
        0.6931575397510155
    ],
    "train_accuracy": [
        0.49965034507999584,
        0.4998464132594374,
        0.5004607602216877,
        0.5002973700721531,
        0.5004280821917808,
        0.500905181428422,
        0.5006633640071108,
        0.5004869026456134,
        0.5007156488549618,
        0.5008267541566455,
        0.5005980079472969,
        0.5001078374986929,
        0.5001993359824323,
        0.5000359458328977,
        0.499957518561121,
        0.5002842988601903,
        0.5006110791592596,
        0.500447689009725,
        0.5005522587054272,
        0.5007091132489805,
        0.5004607602216877,
        0.5001993359824323,
        0.5000947662867301,
        0.500009803408972,
        0.4998137352295305,
        0.4994150632646659,
        0.49937584962877757,
        0.498892214786155,
        0.49918631705531735,
        0.49933663599288924
    ],
    "val_accuracy": [
        0.5,
        0.5,
        0.5,
        0.5,
        0.5,
        0.5,
        0.5,
        0.5,
        0.5,
        0.5,
        0.5,
        0.5,
        0.5,
        0.5,
        0.5,
        0.5,
        0.5,
        0.5,
        0.5,
        0.5,
        0.5,
        0.5,
        0.5,
        0.5,
        0.5,
        0.5,
        0.5,
        0.5,
        0.5,
        0.5
    ],
    "val_bg_reject": [
        Infinity,
        Infinity,
        Infinity,
        Infinity,
        Infinity,
        Infinity,
        Infinity,
        Infinity,
        Infinity,
        Infinity,
        Infinity,
        Infinity,
        Infinity,
        Infinity,
        Infinity,
        Infinity,
        Infinity,
        Infinity,
        Infinity,
        Infinity,
        Infinity,
        Infinity,
        Infinity,
        Infinity,
        Infinity,
        Infinity,
        Infinity,
        Infinity,
        Infinity,
        Infinity
    ]
}