{
    "accuracy": 0.5000049019607843,
    "loss": 0.693157502894308,
    "auc": 0.5000049019607843,
    "test_bg_reject": Infinity
}