{
    "train_loss": [
        0.6938414361628231,
        0.6934003907928877,
        0.6933225464536644
    ],
    "val_loss": [
        0.6932164248298196,
        0.6931905520757039,
        0.6931594988879035
    ],
    "train_accuracy": [
        0.5008921102164593,
        0.5013332636202029,
        0.5008430931715989
    ],
    "val_accuracy": [
        0.5,
        0.5,
        0.5
    ],
    "val_bg_reject": [
        Infinity,
        Infinity,
        Infinity
    ]
}