{
    "train_loss": [
        0.6937156600594633,
        0.6933549831106263,
        0.6933095690334714,
        0.693267227627799,
        0.6932405967674008,
        0.6932250737994333,
        0.6932099140813557,
        0.6932004115627137,
        0.6931925109711,
        0.6931860611788538,
        0.6931806065841012,
        0.6931759855319152,
        0.6931720604385951,
        0.6931687254580596,
        0.6931658861253921,
        0.6931634671416578,
        0.6931614074811244,
        0.6931596519769292,
        0.6931581567311828,
        0.6931568811867983,
        0.6931557870866065,
        0.6931548449617418,
        0.693154030734745,
        0.693153319118986,
        0.6931526926874454,
        0.6931521347423459,
        0.6931516351802546,
        0.6931511788803028,
        0.6931507620342254,
        0.6931503753426259
    ],
    "val_loss": [
        0.6931787879607256,
        0.6932020535282061,
        0.6932182311170242,
        0.6932316573741389,
        0.6932342642241833,
        0.6932343397794986,
        0.6932330878856136,
        0.6932314490897983,
        0.6932300925254822,
        0.6932290958890728,
        0.6932288414824243,
        0.6932292029156404,
        0.6932300958820418,
        0.6932312091191609,
        0.6932321369507733,
        0.6932326702697604,
        0.6932325188412386,
        0.6932313564057444,
        0.6932292332462237,
        0.693226233772203,
        0.6932220928435232,
        0.6932172774988062,
        0.693211950489119,
        0.6932061897539625,
        0.6932002453430026,
        0.6931943137037988,
        0.693188563636705,
        0.6931830653676799,
        0.6931779466236339,
        0.6931732886445289
    ],
    "train_accuracy": [
        0.4991144253895221,
        0.500042481438879,
        0.4992059238732615,
        0.4999117693192513,
        0.5003235124960786,
        0.5004084753738367,
        0.5004607602216877,
        0.5007287200669246,
        0.5005980079472969,
        0.5004346177977622,
        0.5011273920317892,
        0.5008136829446826,
        0.5004869026456134,
        0.5006633640071108,
        0.500415010979818,
        0.5004542246157063,
        0.5005195806755203,
        0.5005522587054272,
        0.5005522587054272,
        0.5003104412841158,
        0.5002777632542089,
        0.5008659677925337,
        0.500820218550664,
        0.5008594321865524,
        0.5007483268848688,
        0.5005391874934644,
        0.5002385496183206,
        0.5003561905259856,
        0.5001535867405625,
        0.5001143731046742
    ],
    "val_accuracy": [
        0.5,
        0.5,
        0.5,
        0.5,
        0.5,
        0.5,
        0.5,
        0.5,
        0.5,
        0.5,
        0.5,
        0.5,
        0.5,
        0.5,
        0.5,
        0.5,
        0.5,
        0.5,
        0.5,
        0.5,
        0.5,
        0.5,
        0.5,
        0.5,
        0.5,
        0.5,
        0.5,
        0.5,
        0.5,
        0.5
    ],
    "val_bg_reject": [
        Infinity,
        Infinity,
        Infinity,
        Infinity,
        Infinity,
        Infinity,
        Infinity,
        Infinity,
        Infinity,
        Infinity,
        Infinity,
        Infinity,
        Infinity,
        Infinity,
        Infinity,
        Infinity,
        Infinity,
        Infinity,
        Infinity,
        Infinity,
        Infinity,
        Infinity,
        Infinity,
        Infinity,
        Infinity,
        Infinity,
        Infinity,
        Infinity,
        Infinity,
        Infinity
    ]
}