{
    "train_loss": [
        1.4338077306747437,
        0.7721146941184998
    ],
    "val_loss": [
        0.8525688052177429,
        0.5577060154506138
    ],
    "train_accuracy": [
        0.465,
        0.5825
    ],
    "val_accuracy": [
        0.5385714285714285,
        0.6967857142857143
    ],
    "val_bg_reject": [
        8.666666666666666,
        20.428571428571427
    ]
}