{
    "accuracy": 0.6967857142857143,
    "loss": 0.5577060154506138
}