{
    "accuracy": 0.7252500000000001,
    "loss": 0.5394408077001571,
    "auc": 0.8222376388749875,
    "test_bg_reject": 21.318681318681318
}