{"loss": 0.7338518500328064, "_runtime": 802, "_timestamp": 1642528386, "_step": 459, "train_loss": 0.6549922384713825, "train_accuracy": 0.6069078947368421, "val_loss": 0.708926185965538, "val_accuracy": 0.5572916666666666}