{
    "train_loss": [
        0.6934696320122186,
        0.6930579133055194,
        0.6929179691039256,
        0.6928533152545158,
        0.6928039879015048,
        0.6927660580435819,
        0.6927415807352123,
        0.6927117092532368,
        0.6927042380793379,
        0.6927036532893984,
        0.6926723459294735,
        0.6926770109044799,
        0.6926441389958654,
        0.6926339442455954,
        0.692613936930312,
        0.6926054732515063,
        0.6925883434325671,
        0.6925842587411571,
        0.6925675547809814,
        0.6925661311941915,
        0.6925570634161093,
        0.6925391844036214,
        0.6925320481949866,
        0.6925202858170044,
        0.6925129713678564,
        0.6925218482153642,
        0.6925128704020883,
        0.6925077259409669,
        0.6925070277632099,
        0.6924978382827023
    ],
    "val_loss": [
        0.6930335591353622,
        0.6929233357111613,
        0.6929326907232696,
        0.6929449029155806,
        0.6929195530274335,
        0.6928905164587732,
        0.6928785246306775,
        0.6928472836157855,
        0.6928432460579218,
        0.6927985091863894,
        0.6927709028487112,
        0.69273726829828,
        0.692763864292818,
        0.6927278472675996,
        0.6927034867511076,
        0.6926989115733726,
        0.6927025952900158,
        0.6927233523107043,
        0.6927231364343681,
        0.6927216115465351,
        0.6927350698639365,
        0.6927369370273515,
        0.6927364978696786,
        0.6927492942155576,
        0.6927331688918319,
        0.692724722067515,
        0.6927299123651841,
        0.692726722016054,
        0.6927405411028394,
        0.6927430352697186
    ],
    "train_accuracy": [
        0.5034507999581721,
        0.5024051030011503,
        0.504039004496497,
        0.5036337969256509,
        0.5037416344243438,
        0.5042023946460316,
        0.503931166997804,
        0.5043559813865942,
        0.5040292010875248,
        0.5054474275854858,
        0.5057611366725923,
        0.5053853393286626,
        0.506179415455401,
        0.5062317003032522,
        0.5065813552232563,
        0.5066957283279305,
        0.506584623026247,
        0.5066957283279305,
        0.5071238105197113,
        0.5070453832479348,
        0.5069408135522325,
        0.5070584544598975,
        0.5070944002927952,
        0.50744732301579,
        0.5073133430931716,
        0.5074015737739204,
        0.5075388214995294,
        0.5076826048311199,
        0.507767567708878,
        0.5077381574819617
    ],
    "val_accuracy": [
        0.5,
        0.5,
        0.5,
        0.5,
        0.5,
        0.5,
        0.5,
        0.5,
        0.5,
        0.5,
        0.5013529411764706,
        0.5,
        0.5000098039215686,
        0.5056176470588235,
        0.5057352941176471,
        0.5064264705882353,
        0.5064558823529411,
        0.5061813725490196,
        0.5065343137254902,
        0.5060588235294118,
        0.5065588235294117,
        0.5065098039215686,
        0.5066911764705883,
        0.5066029411764705,
        0.5065833333333334,
        0.5064019607843138,
        0.5066274509803922,
        0.5068186274509804,
        0.5068186274509804,
        0.5066274509803922
    ],
    "val_bg_reject": [
        Infinity,
        Infinity,
        Infinity,
        Infinity,
        Infinity,
        Infinity,
        Infinity,
        Infinity,
        68296.66196956616,
        2757.9505622363577,
        4.203093499898396,
        Infinity,
        10916.95912950733,
        Infinity,
        124.82924174503654,
        11.94641144645504,
        15.642890030984235,
        Infinity,
        14.700314411391952,
        28.596700484868794,
        34.19151104303883,
        37.44332150059337,
        42.4057617446579,
        44.512987390203705,
        83.74086340538959,
        149.30921793585273,
        172.72971291606422,
        170.22204781011743,
        176.01892291063223,
        168.29222281573487
    ]
}