{
    "accuracy": 0.5071372549019608,
    "loss": 0.6927486835087047,
    "auc": 0.5075441729623222,
    "test_bg_reject": Infinity
}