{
    "accuracy": 0.5061813725490196,
    "loss": 0.6927233523107043
}