{
    "accuracy": 0.5066274509803922,
    "loss": 0.6927430352697186
}