{
    "train_loss": [
        0.7183649589618047
    ],
    "val_loss": [
        0.6946747601032257
    ],
    "train_accuracy": [
        0.5375
    ],
    "val_accuracy": [
        0.46875
    ],
    "val_bg_reject": [
        2.7586206896551726
    ]
}