{
    "accuracy": 0.46875,
    "loss": 0.6946747601032257
}