{
    "train_loss": [
        0.7113083352645239
    ],
    "val_loss": [
        0.7086649760603905
    ],
    "train_accuracy": [
        0.5541666666666667
    ],
    "val_accuracy": [
        0.48750000000000004
    ],
    "val_bg_reject": [
        3.4782608695652177
    ]
}