{
    "accuracy": 0.48125,
    "loss": 0.6974062398076057,
    "auc": 0.524375,
    "test_bg_reject": 3.6363636363636362
}