{
    "accuracy": 0.48750000000000004,
    "loss": 0.7086649760603905
}