{
    "accuracy": 0.525,
    "loss": 0.6949711665511131,
    "auc": 0.50953125,
    "test_bg_reject": 3.3333333333333335
}