{
    "train_loss": [
        0.6940293913541772,
        0.693449824004446,
        0.6933655379258051,
        0.6933159336601978,
        0.6932825828139583,
        0.693254877050514,
        0.693239257909832,
        0.6932255492840653,
        0.6932170608234894,
        0.6932097222470195,
        0.6932033123761107,
        0.6931976580811784,
        0.693192618624705,
        0.693188081647292,
        0.6931839637223813,
        0.693180202708563,
        0.6931767519592653,
        0.6931735818685005,
        0.6931706642949979,
        0.6931679811323586,
        0.6931655184377203,
        0.6931632622557555,
        0.6931612008126301,
        0.6931593264918141,
        0.6931576295638451,
        0.6931561013089804,
        0.6931547327706296,
        0.6931535152290501,
        0.6931524388986839,
        0.6931514931587722
    ],
    "val_loss": [
        0.6935058236122131,
        0.6933817863744848,
        0.6932697843196345,
        0.6932115431766884,
        0.6931808047107622,
        0.6931679859628864,
        0.6931593334534589,
        0.693155287808063,
        0.6931525847304101,
        0.6931506637217951,
        0.6931494626531414,
        0.6931486252803428,
        0.6931480765342712,
        0.6931477141193315,
        0.6931475493300194,
        0.6931474284564747,
        0.6931473369972379,
        0.6931473162220974,
        0.6931472420692444,
        0.6931472679773967,
        0.6931473267031651,
        0.6931473162220974,
        0.6931473071995904,
        0.6931473146045909,
        0.6931472420692444,
        0.6931472420692444,
        0.6931473014962439,
        0.6931473071341421,
        0.6931471898041519,
        0.6931472390212264
    ],
    "train_accuracy": [
        0.49870268221269476,
        0.4994608125065356,
        0.4992189950852243,
        0.49870268221269476,
        0.49906867614765243,
        0.49953923977831227,
        0.49983987765345606,
        0.4994215988706473,
        0.49939545644672173,
        0.4997483791697166,
        0.4998529488654188,
        0.4996634162919586,
        0.4992189950852243,
        0.49895103523998746,
        0.4990163912998013,
        0.4989575708459688,
        0.4990229269057827,
        0.4993039579629823,
        0.4992059238732615,
        0.5000490170448604,
        0.4999640541671024,
        0.499872555683363,
        0.49985948447140016,
        0.5000163390149535,
        0.4999640541671024,
        0.49989216250130714,
        0.5000882306807487,
        0.49989216250130714,
        0.4997941284115863,
        0.4998071996235491
    ],
    "val_accuracy": [
        0.5,
        0.5,
        0.5,
        0.5,
        0.5,
        0.5,
        0.5,
        0.5,
        0.5,
        0.5,
        0.5,
        0.5,
        0.5,
        0.5,
        0.5,
        0.5,
        0.5,
        0.5,
        0.5,
        0.5,
        0.5,
        0.5,
        0.5,
        0.5,
        0.5,
        0.5,
        0.5,
        0.5,
        0.5,
        0.5
    ],
    "val_bg_reject": [
        71400.3,
        Infinity,
        Infinity,
        Infinity,
        Infinity,
        Infinity,
        71400.3,
        Infinity,
        Infinity,
        71400.3,
        Infinity,
        Infinity,
        Infinity,
        Infinity,
        Infinity,
        71400.3,
        71400.3,
        Infinity,
        Infinity,
        Infinity,
        71400.3,
        Infinity,
        Infinity,
        Infinity,
        Infinity,
        Infinity,
        Infinity,
        Infinity,
        71400.3,
        Infinity
    ]
}