{
    "accuracy": 0.4999950980392157,
    "loss": 0.6931474792349572,
    "auc": 0.4999950980392157,
    "test_bg_reject": 71400.3
}